Variant,Population
Great Leap,8519794830.011346
High,14762346435.0
Low,8938560757.0
Medium,10431045663.0
Reference,9732922689.0
SDG Met Need and Education,8787249987.0
Too Little Too Late,8792909124.225338
